1221142102697889793,en
1221142132049707008,en
1221142169781768192,en
1221142199150268416,en
1221142509537021952,en
1221142509541384193,en
1221142878648438786,en
1221143516153372672,en
1221144141112975366,en
1221145202288680961,en
1221145265182322689,en
1221145290352271361,en
1221145734961078273,en
1221145944659501056,en
1221145969829523456,en
1221146179573972993,en
1221146359912452096,en
1221146590577979392,en
1221146703862083589,en
1221146825484328960,en
1221147454613151744,en
1221147521717800961,en
1221147903407935488,en
1221147995682504704,en
1221148062783016960,en
1221148599666393088,en
1221148704524120065,en
1221148708726878208,en
1221149224626270209,en
1221149279156203520,en
1221149308486991872,en
1221150235432562689,en
1221150671669514242,en
1221151158183628800,en
1221151447586365445,en
1221151598577012736,en
1221151774763110402,en
1221151833458003969,en
1221152038979088384,en
1221152059950600193,en
1221153553139556353,en
1221154018698977282,en
1221154484266717184,en
1221155251841007617,en
1221155499296452609,en
1221155595769741317,en
1221156099073511425,en
1221156132649099266,en
1221156212336513024,en
1221156283643916288,en
1221156375927062535,en
1221156384315756545,en
1221156405262082053,en
1221156803708256256,en
1221157189600940032,en
1221157487417667589,en
1221157537745076224,en
1221157571278454785,in
1221158296905768966,en
1221158481429958656,en
1221158863149453315,en
1221159047677636608,en
1221159907522686982,en
1221160465356804097,en
1221161845278396417,en
1221162218563174400,en
1221163476875382786,en
1221163514598789120,en
1221163804026966025,en
1221164030519390208,en
1221164185687601159,en
1221164529641558024,en
1221164835804778497,en
1221164886144770048,en
1221165787932741632,en
1221166077318717442,en
1221166488393961472,en
1221166559672049665,en
1221166614198083584,en
1221168531011723268,en
1221168589740421125,en
1221168707164045314,en
1221169197880791040,en
1221170393274179584,en
1221171299248168960,en
1221171324418166786,en
1221171332785807361,en
1221171458635776000,en
1221171500557926403,en
1221171836114915333,en
1221172272301514753,en
1221173262194884608,en
1221173534820466688,en
1221174000388395008,en
1221174197524815873,en
1221174558213988354,en
1221175157999448065,en
1221175279642718210,en
1221175636162686977,en
1221176491804893185,en
1221176537933701120,en
1221176596645675008,en
1221178341484527619,en
1221178576348811264,en
1221178832193015809,en
1221179314558918656,en
1221179314563174402,en
1221179893381304320,en
1221180337964883968,en
1221180937750372356,en
1221180958721880064,en
1221181176846503937,en
1221181197797220353,en
1221181503994040320,en
1221182271560003585,en
1221182275745914880,en
1221182284134600706,en
1221183005558898688,en
1221184163153186816,en
1221184280610603009,en
1221185463416807424,en
1221186566518902786,en
1221186751063965697,en
1221187216627654657,en
1221187304695455744,en
1221187757709701120,en
1221187854145064967,en
1221188005140082688,en
1221188995004162048,en
1221189993235918848,en
1221190001645555712,en
1221190324598575104,en
1221190333003968512,en
1221190429460353026,en
1221190475610193920,en
1221190630799552512,en
1221190672729817088,en
1221191071193059328,en
1221191176029659136,en
1221191725483470849,en
1221191989753892864,en
1221192182691856384,en
1221192908314800129,en
1221193138980737029,en
1221193352873267201,en
1221194036549181440,en
1221195575858728960,en
1221195747837849604,en
1221196494419742720,en
1221196771247972352,en
1221197148727005185,en
1221197278746005504,en
1221197488473935872,en
1221197786265399304,en
1221198079854071808,en
1221198331524734976,en
1221198356694757376,en
1221198545442746370,en
1221198587390054402,en
1221198729992118278,en
1221198767740915712,en
1221198809671315456,en
1221200093124018176,en
1221200097326747648,en
1221200671950528513,en
1221201200420392961,en
1221201288496656385,en
1221201695365107713,en
1221201825380081665,en
1221201988953812995,en
1221202060252798977,en
1221202341283553281,en
1221202517431730176,en
1221203171751665664,en
1221204060956712960,en
1221204144834449409,en
1221204316792340480,en
1221204736235446273,en
1221205419886104576,en
1221205503780511747,in
1221205646403670021,en
1221207328327897088,en
1221207600932380672,en
1221207886174359552,en
1221208699865387009,en
1221208792135819265,en
1221209115067846661,en
1221209433855995905,en
1221209484170649602,en
1221209605822279680,en
1221210121734426624,en
1221210297895137282,en
1221210604071018496,en
1221210834761809927,en
1221211086390562817,en
1221211208034013184,en
1221211380004593664,en
1221212491495215105,en
1221212583778230272,en
1221212919339208704,en
1221214014048329730,en
1221214198597857281,en
1221214492186546181,en
1221214534146215936,in
1221214802581901313,en
1221214844491268103,en
1221214991296024576,en
1221215016453492737,en
1221215276500279297,en
1221216048269139970,en
1221216157337882625,en
1221216669038571520,in
1221216752920670212,en
1221217449162395649,en
1221217566623969281,en
1221217742755262465,en
1221218128631341056,en
1221218191566761984,en
1221218254464548865,en
1221218946516426757,en
1221218992658010115,en
1221219034634620929,en
1221219110106714112,en
1221219500173025281,en
1221219688916619264,en
1221219902821814273,en
1221220318058098688,en
1221220439701147648,en
1221220456486838277,en
1221220582332739591,en
1221220787845238784,en
1221221828007346176,en
1221222218098544640,en
1221222289401896960,en
1221223291823591425,en
1221224097138577408,en
1221224323643408384,en
1221224453666824193,en
1221224621430755334,en
1221224793376206848,en
1221225158301667328,en
1221225841956458496,en
1221226248816463876,en
1221226970257604608,in
1221227213493886976,en
1221227301595074560,en
1221227771344670722,en
1221228656342769664,en
1221228857677828097,en
1221228895434878978,en
1221228937365393408,en
1221228975109873670,en
1221229537138077696,en
1221229780412047361,en
1221229935601254405,en
1221230447298064384,en
1221230766102925312,en
1221231122581020677,en
1221231374251593729,in
1221231709808734209,en
1221231848208007168,en
1221232515127504896,en
1221233425283076096,en
1221233467200901120,en
1221233727247978504,en
1221233811154849792,in
1221234129917947910,en
1221234134116225024,en
1221234998138806274,en
1221236554238173185,en
1221236654880382976,en
1221236696848699396,en
1221236969457324032,en
1221237359523463168,en
1221238122886914050,en
1221239045654601728,en
1221239112767660033,en
1221239129524121601,en
1221239242791227392,en
1221239637030531073,in
1221240077432475649,en
1221240152951009282,en
1221240220026163200,en
1221240261994434562,en
1221240522032939008,en
1221240601707827201,in
1221240622704734213,en
1221241411212840960,en
1221241805481684993,en
1221241939703431168,en
1221242027779604484,en
1221242107467194368,en
1221242946336575488,en
1221242954729377793,en
1221243223156383744,en
1221243499976318977,en
1221243680356356096,en
1221243931997794304,in
1221244217231597568,en
1221244691154395137,en
1221244858934779904,en
